weight,rii_route,ci_low,ci_high,n_routes
total_5_19,1.455,1.026,1.869,21243
phase_specific,1.4388114305160062,0.9849523024997527,1.846693721758491,19379
