metric,point,ci_low,ci_high
H2 RII_route / RII_buffer (OA-primary),0.3756181908244797,0.20428882716217944,0.6961368864591181
